group,function,value,throughput_num,throughput_type,sample_measured_value,unit,iteration_count
Resolve,Bench Value::resolve(scalar_char).,,,,1096412.0,ns,14152
Resolve,Bench Value::resolve(scalar_char).,,,,2085333.0,ns,28304
Resolve,Bench Value::resolve(scalar_char).,,,,2846834.0,ns,42456
Resolve,Bench Value::resolve(scalar_char).,,,,3753916.0,ns,56608
Resolve,Bench Value::resolve(scalar_char).,,,,4650759.0,ns,70760
Resolve,Bench Value::resolve(scalar_char).,,,,5921009.0,ns,84912
Resolve,Bench Value::resolve(scalar_char).,,,,8129919.0,ns,99064
Resolve,Bench Value::resolve(scalar_char).,,,,7968752.0,ns,113216
Resolve,Bench Value::resolve(scalar_char).,,,,9142363.0,ns,127368
Resolve,Bench Value::resolve(scalar_char).,,,,9840413.0,ns,141520
Resolve,Bench Value::resolve(scalar_char).,,,,14565402.0,ns,155672
Resolve,Bench Value::resolve(scalar_char).,,,,16274277.0,ns,169824
Resolve,Bench Value::resolve(scalar_char).,,,,16760169.0,ns,183976
Resolve,Bench Value::resolve(scalar_char).,,,,13268680.0,ns,198128
Resolve,Bench Value::resolve(scalar_char).,,,,14576442.0,ns,212280
Resolve,Bench Value::resolve(scalar_char).,,,,15890650.0,ns,226432
Resolve,Bench Value::resolve(scalar_char).,,,,17106207.0,ns,240584
Resolve,Bench Value::resolve(scalar_char).,,,,18208731.0,ns,254736
Resolve,Bench Value::resolve(scalar_char).,,,,17773116.0,ns,268888
Resolve,Bench Value::resolve(scalar_char).,,,,18860382.0,ns,283040
Resolve,Bench Value::resolve(scalar_char).,,,,20128121.0,ns,297192
Resolve,Bench Value::resolve(scalar_char).,,,,20517184.0,ns,311344
Resolve,Bench Value::resolve(scalar_char).,,,,21098993.0,ns,325496
Resolve,Bench Value::resolve(scalar_char).,,,,21297062.0,ns,339648
Resolve,Bench Value::resolve(scalar_char).,,,,22122440.0,ns,353800
Resolve,Bench Value::resolve(scalar_char).,,,,22698976.0,ns,367952
Resolve,Bench Value::resolve(scalar_char).,,,,24553799.0,ns,382104
Resolve,Bench Value::resolve(scalar_char).,,,,26078667.0,ns,396256
Resolve,Bench Value::resolve(scalar_char).,,,,25870352.0,ns,410408
Resolve,Bench Value::resolve(scalar_char).,,,,26339229.0,ns,424560
Resolve,Bench Value::resolve(scalar_char).,,,,27862679.0,ns,438712
Resolve,Bench Value::resolve(scalar_char).,,,,29802164.0,ns,452864
Resolve,Bench Value::resolve(scalar_char).,,,,30412205.0,ns,467016
Resolve,Bench Value::resolve(scalar_char).,,,,31403846.0,ns,481168
Resolve,Bench Value::resolve(scalar_char).,,,,32577594.0,ns,495320
Resolve,Bench Value::resolve(scalar_char).,,,,32883192.0,ns,509472
Resolve,Bench Value::resolve(scalar_char).,,,,35033302.0,ns,523624
Resolve,Bench Value::resolve(scalar_char).,,,,35464907.0,ns,537776
Resolve,Bench Value::resolve(scalar_char).,,,,35783322.0,ns,551928
Resolve,Bench Value::resolve(scalar_char).,,,,37342568.0,ns,566080
Resolve,Bench Value::resolve(scalar_char).,,,,42709005.0,ns,580232
Resolve,Bench Value::resolve(scalar_char).,,,,48924536.0,ns,594384
Resolve,Bench Value::resolve(scalar_char).,,,,42199314.0,ns,608536
Resolve,Bench Value::resolve(scalar_char).,,,,43020469.0,ns,622688
Resolve,Bench Value::resolve(scalar_char).,,,,42906568.0,ns,636840
Resolve,Bench Value::resolve(scalar_char).,,,,44232711.0,ns,650992
Resolve,Bench Value::resolve(scalar_char).,,,,44710466.0,ns,665144
Resolve,Bench Value::resolve(scalar_char).,,,,46165269.0,ns,679296
Resolve,Bench Value::resolve(scalar_char).,,,,46997915.0,ns,693448
Resolve,Bench Value::resolve(scalar_char).,,,,47393803.0,ns,707600
Resolve,Bench Value::resolve(scalar_char).,,,,48366907.0,ns,721752
Resolve,Bench Value::resolve(scalar_char).,,,,50801381.0,ns,735904
Resolve,Bench Value::resolve(scalar_char).,,,,50551669.0,ns,750056
Resolve,Bench Value::resolve(scalar_char).,,,,51839747.0,ns,764208
Resolve,Bench Value::resolve(scalar_char).,,,,52651370.0,ns,778360
Resolve,Bench Value::resolve(scalar_char).,,,,54042163.0,ns,792512
Resolve,Bench Value::resolve(scalar_char).,,,,53736406.0,ns,806664
Resolve,Bench Value::resolve(scalar_char).,,,,53919437.0,ns,820816
Resolve,Bench Value::resolve(scalar_char).,,,,52654845.0,ns,834968
Resolve,Bench Value::resolve(scalar_char).,,,,55668436.0,ns,849120
Resolve,Bench Value::resolve(scalar_char).,,,,56899991.0,ns,863272
Resolve,Bench Value::resolve(scalar_char).,,,,56337078.0,ns,877424
Resolve,Bench Value::resolve(scalar_char).,,,,57656188.0,ns,891576
Resolve,Bench Value::resolve(scalar_char).,,,,57042792.0,ns,905728
Resolve,Bench Value::resolve(scalar_char).,,,,57674876.0,ns,919880
Resolve,Bench Value::resolve(scalar_char).,,,,57969486.0,ns,934032
Resolve,Bench Value::resolve(scalar_char).,,,,63518802.0,ns,948184
Resolve,Bench Value::resolve(scalar_char).,,,,71233633.0,ns,962336
Resolve,Bench Value::resolve(scalar_char).,,,,62788253.0,ns,976488
Resolve,Bench Value::resolve(scalar_char).,,,,64505572.0,ns,990640
Resolve,Bench Value::resolve(scalar_char).,,,,69110316.0,ns,1004792
Resolve,Bench Value::resolve(scalar_char).,,,,69824970.0,ns,1018944
Resolve,Bench Value::resolve(scalar_char).,,,,71391075.0,ns,1033096
Resolve,Bench Value::resolve(scalar_char).,,,,70581567.0,ns,1047248
Resolve,Bench Value::resolve(scalar_char).,,,,68339280.0,ns,1061400
Resolve,Bench Value::resolve(scalar_char).,,,,66555498.0,ns,1075552
Resolve,Bench Value::resolve(scalar_char).,,,,67148142.0,ns,1089704
Resolve,Bench Value::resolve(scalar_char).,,,,73893361.0,ns,1103856
Resolve,Bench Value::resolve(scalar_char).,,,,70167103.0,ns,1118008
Resolve,Bench Value::resolve(scalar_char).,,,,71505222.0,ns,1132160
Resolve,Bench Value::resolve(scalar_char).,,,,76402100.0,ns,1146312
Resolve,Bench Value::resolve(scalar_char).,,,,71671878.0,ns,1160464
Resolve,Bench Value::resolve(scalar_char).,,,,72700927.0,ns,1174616
Resolve,Bench Value::resolve(scalar_char).,,,,74386530.0,ns,1188768
Resolve,Bench Value::resolve(scalar_char).,,,,77054979.0,ns,1202920
Resolve,Bench Value::resolve(scalar_char).,,,,77356867.0,ns,1217072
Resolve,Bench Value::resolve(scalar_char).,,,,76268744.0,ns,1231224
Resolve,Bench Value::resolve(scalar_char).,,,,78649597.0,ns,1245376
Resolve,Bench Value::resolve(scalar_char).,,,,80901583.0,ns,1259528
Resolve,Bench Value::resolve(scalar_char).,,,,79964300.0,ns,1273680
Resolve,Bench Value::resolve(scalar_char).,,,,81877879.0,ns,1287832
Resolve,Bench Value::resolve(scalar_char).,,,,81107252.0,ns,1301984
Resolve,Bench Value::resolve(scalar_char).,,,,82575460.0,ns,1316136
Resolve,Bench Value::resolve(scalar_char).,,,,83254917.0,ns,1330288
Resolve,Bench Value::resolve(scalar_char).,,,,87329650.0,ns,1344440
Resolve,Bench Value::resolve(scalar_char).,,,,85943458.0,ns,1358592
Resolve,Bench Value::resolve(scalar_char).,,,,84727821.0,ns,1372744
Resolve,Bench Value::resolve(scalar_char).,,,,89297876.0,ns,1386896
Resolve,Bench Value::resolve(scalar_char).,,,,88797369.0,ns,1401048
Resolve,Bench Value::resolve(scalar_char).,,,,89170577.0,ns,1415200
